[
  {
    "id": "62886a51-18b0-4f6f-8bfa-b0a96fe6af5d",
    "data": [
      {
        "text": "Give me a ",
        "userDefined": false
      },
      {
        "text": "low",
        "alias": "franchise",
        "meta": "@franchise",
        "userDefined": false
      },
      {
        "text": " franchise level",
        "userDefined": false
      }
    ],
    "isTemplate": false,
    "count": 0,
    "updated": 1527872207
  },
  {
    "id": "ced50197-cede-40a2-ab87-19851476adf6",
    "data": [
      {
        "text": "General",
        "alias": "InsuranceModel",
        "meta": "@InsuranceModel",
        "userDefined": true
      },
      {
        "text": " practitioner",
        "userDefined": false
      }
    ],
    "isTemplate": false,
    "count": 0,
    "updated": 1527872207
  },
  {
    "id": "352ddb65-0882-40e7-99f2-4ffd9027f593",
    "data": [
      {
        "text": "with",
        "alias": "accident",
        "meta": "@accident",
        "userDefined": false
      }
    ],
    "isTemplate": false,
    "count": 0,
    "updated": 1527872207
  },
  {
    "id": "b42283fa-5aaa-49a5-bc17-53d6da0f41d6",
    "data": [
      {
        "text": "high",
        "alias": "franchise",
        "meta": "@franchise",
        "userDefined": false
      }
    ],
    "isTemplate": false,
    "count": 0,
    "updated": 1527872207
  },
  {
    "id": "7c8ca716-9373-43af-814c-71c8675f8c71",
    "data": [
      {
        "text": "with",
        "alias": "accident",
        "meta": "@accident",
        "userDefined": false
      },
      {
        "text": " accident insurance",
        "userDefined": false
      }
    ],
    "isTemplate": false,
    "count": 0,
    "updated": 1527872207
  },
  {
    "id": "c0406123-5dbd-4fed-94f1-98e314b20b8d",
    "data": [
      {
        "text": "I ",
        "userDefined": false
      },
      {
        "text": "need accident",
        "alias": "accident",
        "meta": "@accident",
        "userDefined": true
      },
      {
        "text": " insurance",
        "userDefined": false
      }
    ],
    "isTemplate": false,
    "count": 0,
    "updated": 1527872207
  },
  {
    "id": "fc5b9dbc-d835-4000-9710-2ba5ff00f23e",
    "data": [
      {
        "text": "HMO",
        "alias": "InsuranceModel",
        "meta": "@InsuranceModel",
        "userDefined": true
      }
    ],
    "isTemplate": false,
    "count": 0,
    "updated": 1527872207
  },
  {
    "id": "6f8ed23f-a625-43df-82dc-f8eef9a656b1",
    "data": [
      {
        "text": "I ",
        "userDefined": false
      },
      {
        "text": "don\u0027t need accident",
        "alias": "accident",
        "meta": "@accident",
        "userDefined": false
      },
      {
        "text": " insurance",
        "userDefined": false
      }
    ],
    "isTemplate": false,
    "count": 0,
    "updated": 1527872207
  },
  {
    "id": "0b56a4ea-8c58-4bdc-a7ba-8cbd18f607f5",
    "data": [
      {
        "text": "I would like ",
        "userDefined": false
      },
      {
        "text": "free choice",
        "alias": "InsuranceModel",
        "meta": "@InsuranceModel",
        "userDefined": true
      }
    ],
    "isTemplate": false,
    "count": 0,
    "updated": 1527872207
  },
  {
    "id": "4bf7e20b-4350-4340-9f21-abe1172347e0",
    "data": [
      {
        "text": "I would like ",
        "userDefined": false
      },
      {
        "text": "none",
        "meta": "@sys.ignore",
        "userDefined": true
      },
      {
        "text": " of the supplementary choices",
        "userDefined": false
      }
    ],
    "isTemplate": false,
    "count": 0,
    "updated": 1527872207
  },
  {
    "id": "51d253c5-38e6-45dc-b72d-fc0e02c47740",
    "data": [
      {
        "text": "Give me the ",
        "userDefined": false
      },
      {
        "text": "lowest",
        "alias": "franchise",
        "meta": "@franchise",
        "userDefined": false
      },
      {
        "text": " franchise level",
        "userDefined": false
      }
    ],
    "isTemplate": false,
    "count": 0,
    "updated": 1527872207
  },
  {
    "id": "fd90c73c-edbb-41b6-a91b-20d09ab60d24",
    "data": [
      {
        "text": "I would like a ",
        "userDefined": false
      },
      {
        "text": "high",
        "alias": "franchise",
        "meta": "@franchise",
        "userDefined": false
      },
      {
        "text": " franchise level",
        "userDefined": false
      }
    ],
    "isTemplate": false,
    "count": 0,
    "updated": 1527872207
  },
  {
    "id": "97bf9ba4-56c9-4889-8b9e-2cd0de4b3dfb",
    "data": [
      {
        "text": "without",
        "alias": "accident",
        "meta": "@accident",
        "userDefined": false
      }
    ],
    "isTemplate": false,
    "count": 0,
    "updated": 1527872207
  }
]