[
  {
    "id": "450f6624-40da-4e34-8b02-d45e356b6f1f",
    "data": [
      {
        "text": "The zipcode of my city is ",
        "userDefined": false
      },
      {
        "text": "4600",
        "alias": "zipcode",
        "meta": "@sys.number-integer",
        "userDefined": true
      }
    ],
    "isTemplate": false,
    "count": 0,
    "updated": 1527891681
  },
  {
    "id": "19287052-da4b-42e9-9ce0-672e2d9d500d",
    "data": [
      {
        "text": "I\u0027m ",
        "userDefined": false
      },
      {
        "text": "40 years old",
        "alias": "age",
        "meta": "@sys.age",
        "userDefined": false
      }
    ],
    "isTemplate": false,
    "count": 0,
    "updated": 1527891681
  },
  {
    "id": "0f4e1f0a-81dd-421c-ba48-4b08c5ce9933",
    "data": [
      {
        "text": "My zipcode is ",
        "userDefined": false
      },
      {
        "text": "4600",
        "alias": "zipcode",
        "meta": "@sys.number-integer",
        "userDefined": false
      }
    ],
    "isTemplate": false,
    "count": 0,
    "updated": 1527891681
  },
  {
    "id": "c0164074-d2b8-4dcf-8d8e-3aba202ff478",
    "data": [
      {
        "text": "my email address is ",
        "userDefined": false
      },
      {
        "text": "harun.uslu@students.fhnw.ch",
        "alias": "email",
        "meta": "@email",
        "userDefined": true
      }
    ],
    "isTemplate": false,
    "count": 0,
    "updated": 1527891681
  },
  {
    "id": "0e0cc69d-0e34-43d4-80b2-8490a87576ac",
    "data": [
      {
        "text": "harun.uslu@students.fhnw.ch",
        "alias": "email",
        "meta": "@email",
        "userDefined": true
      }
    ],
    "isTemplate": false,
    "count": 0,
    "updated": 1527891681
  },
  {
    "id": "906fcfcc-82ed-4dc7-8128-99b94f32c6ea",
    "data": [
      {
        "text": "My street is ",
        "userDefined": false
      },
      {
        "text": "Bahnhofstrasse 12",
        "alias": "street-address",
        "meta": "@sys.street-address",
        "userDefined": true
      }
    ],
    "isTemplate": false,
    "count": 0,
    "updated": 1527891681
  },
  {
    "id": "616f44ba-65a6-4a93-a186-c0f43bc0e9ca",
    "data": [
      {
        "text": "harun.uslu88@gmail.com",
        "userDefined": false
      }
    ],
    "isTemplate": true,
    "count": 0,
    "updated": 1527958894
  },
  {
    "id": "4e4b912a-d781-4ab2-b50a-492c5c7de9c7",
    "data": [
      {
        "text": "20",
        "alias": "age",
        "meta": "@sys.age",
        "userDefined": false
      }
    ],
    "isTemplate": false,
    "count": 0,
    "updated": 1527891681
  },
  {
    "id": "7dcdf51b-d649-4aeb-b6fb-65fbd2e4c02b",
    "data": [
      {
        "text": "I am ",
        "userDefined": false
      },
      {
        "text": "34",
        "alias": "age",
        "meta": "@sys.age",
        "userDefined": true
      }
    ],
    "isTemplate": false,
    "count": 0,
    "updated": 1527891681
  },
  {
    "id": "d91a95ed-2131-44fe-812f-9a7ba3525929",
    "data": [
      {
        "text": "I live at ",
        "userDefined": false
      },
      {
        "text": "Riggenbachstrasse 15",
        "alias": "street-address",
        "meta": "@sys.street-address",
        "userDefined": true
      }
    ],
    "isTemplate": false,
    "count": 0,
    "updated": 1527891681
  },
  {
    "id": "33269e3a-ab4a-4a3d-829c-0098d7829321",
    "data": [
      {
        "text": "I am ",
        "userDefined": false
      },
      {
        "text": "male",
        "alias": "gender",
        "meta": "@gender",
        "userDefined": true
      }
    ],
    "isTemplate": false,
    "count": 0,
    "updated": 1527891681
  }
]