[
  {
    "id": "821f6ed3-d262-4f41-9e86-b43145230cc1",
    "data": [
      {
        "text": "I have ",
        "userDefined": false
      },
      {
        "text": "cancer",
        "alias": "health-conditions",
        "meta": "@health-conditions",
        "userDefined": true
      }
    ],
    "isTemplate": false,
    "count": 0,
    "updated": 1527874154
  },
  {
    "id": "973844eb-7775-448a-be6f-ee853effb1ef",
    "data": [
      {
        "text": "No",
        "meta": "@sys.ignore",
        "userDefined": false
      },
      {
        "text": ", I don\u0027t take ",
        "userDefined": false
      },
      {
        "text": "regularly",
        "alias": "drugs",
        "meta": "@drugs",
        "userDefined": true
      },
      {
        "text": " ",
        "userDefined": false
      },
      {
        "text": "drugs",
        "meta": "@sys.ignore",
        "userDefined": false
      }
    ],
    "isTemplate": false,
    "count": 0,
    "updated": 1527874154
  },
  {
    "id": "cd9af5b9-c1f5-481f-b691-57e3249e3350",
    "data": [
      {
        "text": "Unfortunately, I have ",
        "userDefined": false
      },
      {
        "text": "cancer",
        "alias": "health-conditions",
        "meta": "@health-conditions",
        "userDefined": true
      }
    ],
    "isTemplate": false,
    "count": 0,
    "updated": 1527874154
  },
  {
    "id": "514e6e8f-464e-41fb-8d28-b57155da8708",
    "data": [
      {
        "text": "My immune system is ",
        "userDefined": false
      },
      {
        "text": "weak",
        "alias": "health-conditions",
        "meta": "@health-conditions",
        "userDefined": true
      }
    ],
    "isTemplate": false,
    "count": 0,
    "updated": 1527874154
  },
  {
    "id": "ce62930b-1a4f-42cf-9aee-3779d28db9ac",
    "data": [
      {
        "text": "I exercise ",
        "userDefined": false
      },
      {
        "text": "5",
        "alias": "sport",
        "meta": "@sys.number",
        "userDefined": false
      },
      {
        "text": " times per week",
        "userDefined": false
      }
    ],
    "isTemplate": false,
    "count": 0,
    "updated": 1527874154
  },
  {
    "id": "57d7c887-4b8f-42ff-ad54-d58c17910656",
    "data": [
      {
        "text": "I am ",
        "userDefined": false
      },
      {
        "text": "drug",
        "alias": "addictions",
        "meta": "@addictions",
        "userDefined": false
      },
      {
        "text": " addicted",
        "userDefined": false
      }
    ],
    "isTemplate": false,
    "count": 0,
    "updated": 1527874154
  },
  {
    "id": "7131c595-f48b-4df1-b369-4d2e5fe497bb",
    "data": [
      {
        "text": "Yes, I have ",
        "userDefined": false
      },
      {
        "text": "genetical defects",
        "alias": "health-conditions",
        "meta": "@health-conditions",
        "userDefined": true
      }
    ],
    "isTemplate": false,
    "count": 0,
    "updated": 1527874154
  },
  {
    "id": "60f3e6f9-e586-4482-a27c-d2982962a32d",
    "data": [
      {
        "text": "I have a ",
        "userDefined": false
      },
      {
        "text": "weak immune system",
        "alias": "health-conditions",
        "meta": "@health-conditions",
        "userDefined": true
      }
    ],
    "isTemplate": false,
    "count": 0,
    "updated": 1527874154
  },
  {
    "id": "9c769ef4-a5e6-4f72-8d15-5d39a4ca328c",
    "data": [
      {
        "text": "cancer",
        "alias": "health-conditions",
        "meta": "@health-conditions",
        "userDefined": false
      }
    ],
    "isTemplate": false,
    "count": 0,
    "updated": 1527874154
  },
  {
    "id": "98477546-22bf-473a-ad34-12bc7aacbdcb",
    "data": [
      {
        "text": "I had ",
        "userDefined": false
      },
      {
        "text": "5",
        "alias": "surgery",
        "meta": "@sys.number",
        "userDefined": false
      },
      {
        "text": " surgerys",
        "userDefined": false
      }
    ],
    "isTemplate": false,
    "count": 0,
    "updated": 1527874154
  },
  {
    "id": "6c6ba14a-b4d0-408e-bc2f-95f1207869a6",
    "data": [
      {
        "text": "two",
        "alias": "sport",
        "meta": "@sys.number",
        "userDefined": false
      },
      {
        "text": " times per week",
        "userDefined": false
      }
    ],
    "isTemplate": false,
    "count": 0,
    "updated": 1527874154
  },
  {
    "id": "62769ee4-f9ce-41f5-abb7-3c3055ab0187",
    "data": [
      {
        "text": "I have ",
        "userDefined": false
      },
      {
        "text": "no condition",
        "alias": "health-conditions",
        "meta": "@health-conditions",
        "userDefined": true
      }
    ],
    "isTemplate": false,
    "count": 0,
    "updated": 1527874154
  },
  {
    "id": "cfb3089a-336c-4c88-bbba-c20863f7b0dc",
    "data": [
      {
        "text": "I do sports ",
        "userDefined": false
      },
      {
        "text": "2 times",
        "alias": "sport",
        "meta": "@sys.number",
        "userDefined": true
      },
      {
        "text": " a week",
        "userDefined": false
      }
    ],
    "isTemplate": false,
    "count": 0,
    "updated": 1527874154
  },
  {
    "id": "7fdddc23-7441-4d4a-aae7-d5cfd1590b45",
    "data": [
      {
        "text": "No",
        "meta": "@sys.ignore",
        "userDefined": false
      },
      {
        "text": ", I ",
        "userDefined": false
      },
      {
        "text": "don\u0027t take prescription drugs",
        "alias": "drugs",
        "meta": "@drugs",
        "userDefined": true
      }
    ],
    "isTemplate": false,
    "count": 0,
    "updated": 1527874154
  },
  {
    "id": "0a9d6f80-990e-441e-b8bb-1161a756e031",
    "data": [
      {
        "text": "My BMI is ",
        "userDefined": false
      },
      {
        "text": "24",
        "alias": "bmi",
        "meta": "@sys.number",
        "userDefined": false
      }
    ],
    "isTemplate": false,
    "count": 0,
    "updated": 1527874154
  },
  {
    "id": "44d5252f-7344-43a2-9b1b-855f005703c9",
    "data": [
      {
        "text": "I ",
        "userDefined": false
      },
      {
        "text": "smoke",
        "alias": "addictions",
        "meta": "@addictions",
        "userDefined": false
      }
    ],
    "isTemplate": false,
    "count": 0,
    "updated": 1527874154
  },
  {
    "id": "31723fd7-6a18-4b0d-94a6-8bc950d237a5",
    "data": [
      {
        "text": "I take ",
        "userDefined": false
      },
      {
        "text": "drugs",
        "alias": "addictions",
        "meta": "@addictions",
        "userDefined": false
      }
    ],
    "isTemplate": false,
    "count": 0,
    "updated": 1527874154
  },
  {
    "id": "921b373d-dcf3-479e-a12f-d7df2e3aa6e7",
    "data": [
      {
        "text": "I play sport ",
        "userDefined": false
      },
      {
        "text": "once",
        "alias": "sport",
        "meta": "@sys.number",
        "userDefined": true
      },
      {
        "text": " ",
        "userDefined": false
      },
      {
        "text": "a week",
        "meta": "@sys.ignore",
        "userDefined": false
      }
    ],
    "isTemplate": false,
    "count": 0,
    "updated": 1527874154
  },
  {
    "id": "1b9e0fe2-2590-4bbe-9c69-37773671247f",
    "data": [
      {
        "text": "I have a BMI of ",
        "userDefined": false
      },
      {
        "text": "24",
        "alias": "bmi",
        "meta": "@sys.number",
        "userDefined": true
      }
    ],
    "isTemplate": false,
    "count": 0,
    "updated": 1527874154
  },
  {
    "id": "79f9d623-09b4-47cb-80e5-1e75e2c33c63",
    "data": [
      {
        "text": "Yes",
        "meta": "@sys.ignore",
        "userDefined": false
      },
      {
        "text": ", I ",
        "userDefined": false
      },
      {
        "text": "take prescription drugs",
        "alias": "drugs",
        "meta": "@drugs",
        "userDefined": true
      }
    ],
    "isTemplate": false,
    "count": 0,
    "updated": 1527874154
  },
  {
    "id": "3c35a8cd-deda-4738-bb84-681391a3711f",
    "data": [
      {
        "text": "I drink a lot of ",
        "userDefined": false
      },
      {
        "text": "alcohol",
        "alias": "addictions",
        "meta": "@addictions",
        "userDefined": false
      }
    ],
    "isTemplate": false,
    "count": 0,
    "updated": 1527874154
  },
  {
    "id": "905b4c0a-f7a9-412f-b03f-36f5a4d4494f",
    "data": [
      {
        "text": "I am addicted to ",
        "userDefined": false
      },
      {
        "text": "alcohol",
        "alias": "addictions",
        "meta": "@addictions",
        "userDefined": false
      }
    ],
    "isTemplate": false,
    "count": 0,
    "updated": 1527874154
  },
  {
    "id": "0d7871a8-c34a-4f56-82cd-68e1c6224b7f",
    "data": [
      {
        "text": "I have ",
        "userDefined": false
      },
      {
        "text": "nothing",
        "alias": "health-conditions",
        "meta": "@health-conditions",
        "userDefined": true
      }
    ],
    "isTemplate": false,
    "count": 0,
    "updated": 1527874154
  },
  {
    "id": "0bc28a44-f776-461b-aa18-4aa7319835fa",
    "data": [
      {
        "text": "No",
        "meta": "@sys.ignore",
        "userDefined": false
      },
      {
        "text": ", I ",
        "userDefined": false
      },
      {
        "text": "don\u0027t have any addictions",
        "alias": "addictions",
        "meta": "@addictions",
        "userDefined": false
      }
    ],
    "isTemplate": false,
    "count": 0,
    "updated": 1527874154
  },
  {
    "id": "6dd90dbd-87d7-404b-87cd-89c4a22f1b43",
    "data": [
      {
        "text": "I ",
        "userDefined": false
      },
      {
        "text": "never",
        "alias": "drugs",
        "meta": "@drugs",
        "userDefined": false
      },
      {
        "text": " take prescription ",
        "userDefined": false
      },
      {
        "text": "drugs",
        "meta": "@sys.ignore",
        "userDefined": false
      }
    ],
    "isTemplate": false,
    "count": 0,
    "updated": 1527874154
  },
  {
    "id": "58b8535f-a71f-40ca-88f4-2438711defd6",
    "data": [
      {
        "text": "In past, I had ",
        "userDefined": false
      },
      {
        "text": "10",
        "alias": "surgery",
        "meta": "@sys.number",
        "userDefined": false
      },
      {
        "text": " surgerys",
        "userDefined": false
      }
    ],
    "isTemplate": false,
    "count": 0,
    "updated": 1527874154
  },
  {
    "id": "cee2dddd-d14f-4c1f-a0fb-5ed7de6c35dd",
    "data": [
      {
        "text": "I\u0027m a ",
        "userDefined": false
      },
      {
        "text": "smoker",
        "alias": "addictions",
        "meta": "@addictions",
        "userDefined": false
      }
    ],
    "isTemplate": false,
    "count": 0,
    "updated": 1527874154
  },
  {
    "id": "d4315935-15cc-4647-a7e0-60b43ecac60c",
    "data": [
      {
        "text": "none",
        "alias": "health-conditions",
        "meta": "@health-conditions",
        "userDefined": false
      },
      {
        "text": " of them",
        "userDefined": false
      }
    ],
    "isTemplate": false,
    "count": 0,
    "updated": 1527874154
  },
  {
    "id": "3958c2b2-9e69-403c-bcb9-1e671e638b51",
    "data": [
      {
        "text": "I\u0027m an ",
        "userDefined": false
      },
      {
        "text": "alcoholic",
        "alias": "addictions",
        "meta": "@addictions",
        "userDefined": false
      },
      {
        "text": ".",
        "userDefined": false
      }
    ],
    "isTemplate": false,
    "count": 0,
    "updated": 1527874154
  },
  {
    "id": "967d77af-6c9e-45cc-a159-4f376dbe18eb",
    "data": [
      {
        "text": "I ",
        "userDefined": false
      },
      {
        "text": "don\u0027t have any addictions",
        "alias": "addictions",
        "meta": "@addictions",
        "userDefined": true
      }
    ],
    "isTemplate": false,
    "count": 0,
    "updated": 1527874154
  },
  {
    "id": "cff0ca2f-1e03-4941-9e75-d8d36a8cea00",
    "data": [
      {
        "text": "24",
        "alias": "bmi",
        "meta": "@sys.number",
        "userDefined": false
      }
    ],
    "isTemplate": false,
    "count": 0,
    "updated": 1527874154
  },
  {
    "id": "666b9f69-96b3-4a44-844e-a8d95b6c61c8",
    "data": [
      {
        "text": "I ",
        "userDefined": false
      },
      {
        "text": "don\u0027t have addictions",
        "alias": "addictions",
        "meta": "@addictions",
        "userDefined": true
      }
    ],
    "isTemplate": false,
    "count": 0,
    "updated": 1527874154
  },
  {
    "id": "d3bbf2d8-e1c1-4c65-a7ca-05c38d68edb6",
    "data": [
      {
        "text": "I am addicted to ",
        "userDefined": false
      },
      {
        "text": "drugs",
        "alias": "addictions",
        "meta": "@addictions",
        "userDefined": false
      }
    ],
    "isTemplate": false,
    "count": 0,
    "updated": 1527874154
  }
]