[
  {
    "id": "d60424dd-47c7-4766-9f0c-cbf8e28ee8f9",
    "data": [
      {
        "text": "full",
        "alias": "SupplementaryInsurance",
        "meta": "@SupplementaryInsurance",
        "userDefined": true
      }
    ],
    "isTemplate": false,
    "count": 0,
    "updated": 1527873108
  },
  {
    "id": "76834b9b-392c-4a57-8990-f2f1c82b3752",
    "data": [
      {
        "text": "I need a ",
        "userDefined": false
      },
      {
        "text": "full",
        "alias": "SupplementaryInsurance",
        "meta": "@SupplementaryInsurance",
        "userDefined": false
      },
      {
        "text": " coverage",
        "userDefined": false
      }
    ],
    "isTemplate": false,
    "count": 0,
    "updated": 1527777439
  },
  {
    "id": "2a97605e-2732-4e36-986f-091d11bbdc5e",
    "data": [
      {
        "text": "I would like to have the ",
        "userDefined": false
      },
      {
        "text": "light",
        "alias": "SupplementaryInsurance",
        "meta": "@SupplementaryInsurance",
        "userDefined": false
      },
      {
        "text": " insurance model",
        "userDefined": false
      }
    ],
    "isTemplate": false,
    "count": 0,
    "updated": 1527777439
  },
  {
    "id": "132d312a-242b-4580-939a-0322ef8525e0",
    "data": [
      {
        "text": "I prefer the ",
        "userDefined": false
      },
      {
        "text": "classic",
        "alias": "SupplementaryInsurance",
        "meta": "@SupplementaryInsurance",
        "userDefined": false
      },
      {
        "text": " ",
        "userDefined": false
      },
      {
        "text": "one",
        "meta": "@sys.ignore",
        "userDefined": false
      }
    ],
    "isTemplate": false,
    "count": 0,
    "updated": 1527777439
  },
  {
    "id": "7d7accee-bfd5-4ef3-bf9c-d33c826c5d78",
    "data": [
      {
        "text": "I would like the ",
        "userDefined": false
      },
      {
        "text": "light",
        "alias": "SupplementaryInsurance",
        "meta": "@SupplementaryInsurance",
        "userDefined": false
      },
      {
        "text": " supplementary insurance model",
        "userDefined": false
      }
    ],
    "isTemplate": false,
    "count": 0,
    "updated": 1527777439
  }
]