[
  {
    "id": "d0721936-301e-4a23-9a9e-0afdab4d7ee9",
    "data": [
      {
        "text": "General",
        "alias": "InsuranceType",
        "meta": "@InsuranceType",
        "userDefined": false
      }
    ],
    "isTemplate": false,
    "count": 0,
    "updated": 1527871819
  },
  {
    "id": "dc203956-c7f3-4b41-b5a7-cd777be7da72",
    "data": [
      {
        "text": "I would like ",
        "userDefined": false
      },
      {
        "text": "general",
        "alias": "InsuranceType",
        "meta": "@InsuranceType",
        "userDefined": false
      },
      {
        "text": " insurance",
        "userDefined": false
      }
    ],
    "isTemplate": false,
    "count": 0,
    "updated": 1527871819
  },
  {
    "id": "a7d96507-387a-416c-a470-7f4315e7ecb2",
    "data": [
      {
        "text": "General",
        "alias": "InsuranceType",
        "meta": "@InsuranceType",
        "userDefined": false
      },
      {
        "text": " insurance is sufficent",
        "userDefined": false
      }
    ],
    "isTemplate": false,
    "count": 0,
    "updated": 1527871819
  },
  {
    "id": "8997c197-0c94-4680-b528-0d5d3289e4b7",
    "data": [
      {
        "text": "General",
        "alias": "InsuranceType",
        "meta": "@InsuranceType",
        "userDefined": false
      },
      {
        "text": " hospitalisation",
        "userDefined": false
      }
    ],
    "isTemplate": false,
    "count": 0,
    "updated": 1527871819
  }
]