[
  {
    "id": "3db25e16-5f11-4316-a776-329b09cec203",
    "data": [
      {
        "text": "yes",
        "meta": "@sys.ignore",
        "userDefined": false
      },
      {
        "text": ", please!",
        "userDefined": false
      }
    ],
    "isTemplate": false,
    "count": 0,
    "updated": 1527771382
  },
  {
    "id": "146153e7-85be-4a01-8dd4-47978728f336",
    "data": [
      {
        "text": "I don\u0027t mind",
        "userDefined": false
      }
    ],
    "isTemplate": false,
    "count": 0,
    "updated": 1527771382
  },
  {
    "id": "d64593fa-32f7-49c1-a1c1-6962bcd5543d",
    "data": [
      {
        "text": "ok",
        "userDefined": false
      }
    ],
    "isTemplate": false,
    "count": 0,
    "updated": 1527771382
  },
  {
    "id": "d88e5d70-4e76-46bc-a265-3ff6de85fa3d",
    "data": [
      {
        "text": "confirm",
        "userDefined": false
      }
    ],
    "isTemplate": false,
    "count": 1,
    "updated": 1527771382
  },
  {
    "id": "7c854985-55fb-472a-9b6c-2636aa838c91",
    "data": [
      {
        "text": "okay",
        "userDefined": false
      }
    ],
    "isTemplate": false,
    "count": 0,
    "updated": 1527771382
  },
  {
    "id": "4c9f57df-3812-437b-89b1-7ab764a7b21f",
    "data": [
      {
        "text": "yes",
        "userDefined": false
      }
    ],
    "isTemplate": false,
    "count": 0,
    "updated": 1527771382
  },
  {
    "id": "a8b200b7-1462-48c9-9fa4-c36aeedbfb4f",
    "data": [
      {
        "text": "I agree",
        "userDefined": false
      }
    ],
    "isTemplate": false,
    "count": 1,
    "updated": 1527771382
  },
  {
    "id": "cf5f878a-64c5-4acb-aef8-eb6bf7461a41",
    "data": [
      {
        "text": "that\u0027s correct",
        "userDefined": false
      }
    ],
    "isTemplate": false,
    "count": 0,
    "updated": 1527771382
  },
  {
    "id": "c9b37ac6-c4cf-4110-b712-1d9c42a8d64c",
    "data": [
      {
        "text": "do it",
        "userDefined": false
      }
    ],
    "isTemplate": false,
    "count": 1,
    "updated": 1527771382
  },
  {
    "id": "c8e9ca22-83cc-4408-9593-351b2f7104fe",
    "data": [
      {
        "text": "of course",
        "userDefined": false
      }
    ],
    "isTemplate": false,
    "count": 0,
    "updated": 1527771382
  },
  {
    "id": "82f4db38-950a-4230-8fb0-3be0992474e6",
    "data": [
      {
        "text": "exactly",
        "userDefined": false
      }
    ],
    "isTemplate": false,
    "count": 0,
    "updated": 1527771382
  },
  {
    "id": "c8b0c499-79c0-4eb8-ab88-faef534aed09",
    "data": [
      {
        "text": "sure",
        "userDefined": false
      }
    ],
    "isTemplate": false,
    "count": 2,
    "updated": 1527771382
  },
  {
    "id": "71c2307c-75cc-43e7-8f2e-6b4f3a164261",
    "data": [
      {
        "text": "sounds good",
        "userDefined": false
      }
    ],
    "isTemplate": false,
    "count": 0,
    "updated": 1527771382
  }
]