[
  {
    "id": "e44883bf-20e1-4349-bf81-42920b496be5",
    "data": [
      {
        "text": "not really",
        "userDefined": false
      }
    ],
    "isTemplate": false,
    "count": 0,
    "updated": 1527165845
  },
  {
    "id": "cf3a22e0-c107-4f9e-ac5b-4ef90464a0b5",
    "data": [
      {
        "text": "no",
        "userDefined": false
      }
    ],
    "isTemplate": false,
    "count": 1,
    "updated": 1527165845
  },
  {
    "id": "0f562c35-41cf-48da-8239-fc24c75197ab",
    "data": [
      {
        "text": "I disagree",
        "userDefined": false
      }
    ],
    "isTemplate": false,
    "count": 2,
    "updated": 1527165845
  },
  {
    "id": "633eaf78-82bd-4bc4-8b2f-6afa75db4806",
    "data": [
      {
        "text": "I don\u0027t want that",
        "userDefined": false
      }
    ],
    "isTemplate": false,
    "count": 0,
    "updated": 1527165845
  },
  {
    "id": "10d23c60-ed15-4750-84a1-da666d7af102",
    "data": [
      {
        "text": "don\u0027t do it",
        "userDefined": false
      }
    ],
    "isTemplate": false,
    "count": 0,
    "updated": 1527165845
  },
  {
    "id": "f95a551c-986e-4ba9-8353-99b9cfffaed1",
    "data": [
      {
        "text": "I don\u0027t think so",
        "userDefined": false
      }
    ],
    "isTemplate": false,
    "count": 0,
    "updated": 1527165845
  },
  {
    "id": "e03c9572-4cb0-4bdb-9c73-f49de0a5b05f",
    "data": [
      {
        "text": "definitely not",
        "userDefined": false
      }
    ],
    "isTemplate": false,
    "count": 1,
    "updated": 1527165845
  },
  {
    "id": "39ad9caa-11f1-4c60-9791-682733cadbfa",
    "data": [
      {
        "text": "not interested",
        "userDefined": false
      }
    ],
    "isTemplate": false,
    "count": 0,
    "updated": 1527165845
  }
]