[
  {
    "id": "3a8f4616-d2e4-4897-bcca-dca29261dce0",
    "data": [
      {
        "text": "Could you tell me about the insurances?",
        "userDefined": false
      }
    ],
    "isTemplate": false,
    "count": 0,
    "updated": 1526561112
  },
  {
    "id": "83fa6a7c-fca4-45e3-88d7-d32f5ac5912d",
    "data": [
      {
        "text": "I need some information about insurances",
        "userDefined": false
      }
    ],
    "isTemplate": false,
    "count": 0,
    "updated": 1526561112
  }
]