[
  {
    "id": "e21400d3-569b-4b5d-b171-1a560f390297",
    "data": [
      {
        "text": "Hello my name is ",
        "userDefined": false
      },
      {
        "text": "Thomas",
        "alias": "firstname",
        "meta": "@sys.given-name",
        "userDefined": true
      },
      {
        "text": " ",
        "userDefined": false
      },
      {
        "text": "Geiser",
        "alias": "lastname",
        "meta": "@sys.last-name",
        "userDefined": true
      },
      {
        "text": ". I would like an insurance.",
        "userDefined": false
      }
    ],
    "isTemplate": false,
    "count": 0,
    "updated": 1527938472
  },
  {
    "id": "613826f9-167d-46b8-9ffa-6c51c2c5d54f",
    "data": [
      {
        "text": "My name is ",
        "userDefined": false
      },
      {
        "text": "harun",
        "alias": "firstname",
        "meta": "@sys.given-name",
        "userDefined": false
      },
      {
        "text": " ",
        "userDefined": false
      },
      {
        "text": "uslu",
        "alias": "lastname",
        "meta": "@sys.last-name",
        "userDefined": false
      },
      {
        "text": " and i need an insurance",
        "userDefined": false
      }
    ],
    "isTemplate": false,
    "count": 0,
    "updated": 1527939282
  },
  {
    "id": "d9d3526e-6450-4f25-8387-3889b2c93270",
    "data": [
      {
        "text": "Can you provide me a new insurance offer",
        "userDefined": false
      }
    ],
    "isTemplate": false,
    "count": 0,
    "updated": 1527874356
  },
  {
    "id": "b0a7b9e3-ea63-451b-977f-a2e33e605151",
    "data": [
      {
        "text": "Hi my name is ",
        "userDefined": false
      },
      {
        "text": "Harun",
        "alias": "firstname",
        "meta": "@sys.given-name",
        "userDefined": true
      },
      {
        "text": " and I need an insurance",
        "userDefined": false
      }
    ],
    "isTemplate": false,
    "count": 0,
    "updated": 1527888224
  },
  {
    "id": "d16f48dc-8ca6-49a4-85ab-35e86a350f43",
    "data": [
      {
        "text": "My name is ",
        "userDefined": false
      },
      {
        "text": "harun",
        "alias": "firstname",
        "meta": "@sys.given-name",
        "userDefined": false
      },
      {
        "text": " and i need an insurance",
        "userDefined": false
      }
    ],
    "isTemplate": false,
    "count": 0,
    "updated": 1527889113
  },
  {
    "id": "993084da-e402-4505-90e2-7cb7ccdf46a7",
    "data": [
      {
        "text": "My name is ",
        "userDefined": false
      },
      {
        "text": "Harun",
        "alias": "firstname",
        "meta": "@sys.given-name",
        "userDefined": true
      },
      {
        "text": " and I need a new insurance",
        "userDefined": false
      }
    ],
    "isTemplate": false,
    "count": 0,
    "updated": 1527888224
  },
  {
    "id": "a37fec9a-ba2c-48a0-a373-c43e3558412b",
    "data": [
      {
        "text": "I would like an insurance offer",
        "userDefined": false
      }
    ],
    "isTemplate": false,
    "count": 0,
    "updated": 1527874356
  },
  {
    "id": "0ddb8cf4-40c6-4640-a3be-1b9e0dea4a06",
    "data": [
      {
        "text": "Hi I\u0027m ",
        "userDefined": false
      },
      {
        "text": "Tim",
        "alias": "firstname",
        "meta": "@sys.given-name",
        "userDefined": true
      },
      {
        "text": " ",
        "userDefined": false
      },
      {
        "text": "Grim",
        "alias": "lastname",
        "meta": "@sys.last-name",
        "userDefined": true
      },
      {
        "text": ". I need an insurance",
        "userDefined": false
      }
    ],
    "isTemplate": false,
    "count": 0,
    "updated": 1527938472
  },
  {
    "id": "aaa725dd-3f62-4b0c-a570-916053e41f4a",
    "data": [
      {
        "text": "My ",
        "userDefined": false
      },
      {
        "text": "lastname",
        "meta": "@sys.ignore",
        "userDefined": true
      },
      {
        "text": " is ",
        "userDefined": false
      },
      {
        "text": "Uslu",
        "alias": "lastname",
        "meta": "@sys.last-name",
        "userDefined": true
      }
    ],
    "isTemplate": false,
    "count": 0,
    "updated": 1527938472
  },
  {
    "id": "c83c953d-a674-425a-b043-f808c7afe237",
    "data": [
      {
        "text": "I need a new insurance",
        "userDefined": false
      }
    ],
    "isTemplate": false,
    "count": 0,
    "updated": 1527874356
  }
]