[
  {
    "id": "c881aebb-b353-40f7-b0ec-e54b2ed09cbb",
    "data": [
      {
        "text": "I agree",
        "userDefined": false
      }
    ],
    "isTemplate": false,
    "count": 1,
    "updated": 1527168584
  },
  {
    "id": "6ad9d884-3733-4a91-bd00-4dc59b0e4fbd",
    "data": [
      {
        "text": "of course",
        "userDefined": false
      }
    ],
    "isTemplate": false,
    "count": 0,
    "updated": 1527168584
  },
  {
    "id": "4ff8a859-0b11-4337-8336-318140db6181",
    "data": [
      {
        "text": "that\u0027s correct",
        "userDefined": false
      }
    ],
    "isTemplate": false,
    "count": 0,
    "updated": 1527168584
  },
  {
    "id": "061129de-caae-4383-aa20-c1460246cc43",
    "data": [
      {
        "text": "I don\u0027t mind",
        "userDefined": false
      }
    ],
    "isTemplate": false,
    "count": 0,
    "updated": 1527168584
  },
  {
    "id": "bcc8438a-9e97-401a-9a1b-a29c84e8c671",
    "data": [
      {
        "text": "why not",
        "userDefined": false
      }
    ],
    "isTemplate": false,
    "count": 0,
    "updated": 1527168584
  },
  {
    "id": "4677f3dc-588e-45f5-a198-07b2d8d25b0c",
    "data": [
      {
        "text": "sounds good",
        "userDefined": false
      }
    ],
    "isTemplate": false,
    "count": 0,
    "updated": 1527168584
  },
  {
    "id": "740e8c7c-c7e7-494e-b18e-a739607ae95f",
    "data": [
      {
        "text": "ok",
        "userDefined": false
      }
    ],
    "isTemplate": false,
    "count": 0,
    "updated": 1527168584
  },
  {
    "id": "47ae0490-c08e-43ff-9bab-474abeca3f11",
    "data": [
      {
        "text": "exactly",
        "userDefined": false
      }
    ],
    "isTemplate": false,
    "count": 0,
    "updated": 1527168584
  },
  {
    "id": "c9083829-0b38-493b-8568-d7e0fcd86968",
    "data": [
      {
        "text": "confirm",
        "userDefined": false
      }
    ],
    "isTemplate": false,
    "count": 1,
    "updated": 1527168584
  },
  {
    "id": "1f267b39-7da5-4484-b9e4-16577a3bc93a",
    "data": [
      {
        "text": "do it",
        "userDefined": false
      }
    ],
    "isTemplate": false,
    "count": 1,
    "updated": 1527168584
  },
  {
    "id": "50143531-63cd-4e20-92a3-74f903d268e0",
    "data": [
      {
        "text": "sure",
        "userDefined": false
      }
    ],
    "isTemplate": false,
    "count": 2,
    "updated": 1527168584
  },
  {
    "id": "e47ffa03-5741-46df-9e63-7fae9c9deec8",
    "data": [
      {
        "text": "that sounds good",
        "userDefined": false
      }
    ],
    "isTemplate": false,
    "count": 0,
    "updated": 1527168584
  },
  {
    "id": "c0e22af9-f282-45e1-b2c3-6aef3336e95e",
    "data": [
      {
        "text": "okay",
        "userDefined": false
      }
    ],
    "isTemplate": false,
    "count": 0,
    "updated": 1527168584
  },
  {
    "id": "d6d8b6ab-b932-47d6-9d4c-6f63b194ed87",
    "data": [
      {
        "text": "please",
        "userDefined": false
      }
    ],
    "isTemplate": false,
    "count": 0,
    "updated": 1527168584
  },
  {
    "id": "de5de5ae-f242-4d23-8612-1bb70296d47d",
    "data": [
      {
        "text": "yes",
        "userDefined": false
      }
    ],
    "isTemplate": false,
    "count": 0,
    "updated": 1527168584
  }
]