[
  {
    "id": "bc95696f-fead-432f-9347-ca05f8fd535d",
    "data": [
      {
        "text": "I disagree",
        "userDefined": false
      }
    ],
    "isTemplate": false,
    "count": 2,
    "updated": 1527773181
  },
  {
    "id": "dc4de1d8-3468-4979-9e8f-29e3f0e51471",
    "data": [
      {
        "text": "I don\u0027t think so",
        "userDefined": false
      }
    ],
    "isTemplate": false,
    "count": 0,
    "updated": 1527773181
  },
  {
    "id": "1f9180ed-3dda-4c51-b767-9cc05b3770eb",
    "data": [
      {
        "text": "I don\u0027t want that",
        "userDefined": false
      }
    ],
    "isTemplate": false,
    "count": 0,
    "updated": 1527773181
  },
  {
    "id": "4e24cc11-da54-444f-9ba9-aff798dd60a4",
    "data": [
      {
        "text": "don\u0027t do it",
        "userDefined": false
      }
    ],
    "isTemplate": false,
    "count": 0,
    "updated": 1527773181
  },
  {
    "id": "bda8a47e-2633-46f8-9333-51ca6b32bf25",
    "data": [
      {
        "text": "not really",
        "userDefined": false
      }
    ],
    "isTemplate": false,
    "count": 0,
    "updated": 1527773181
  },
  {
    "id": "7ad83a07-663e-468c-b2aa-76ad01d74b69",
    "data": [
      {
        "text": "no",
        "userDefined": false
      }
    ],
    "isTemplate": false,
    "count": 1,
    "updated": 1527773181
  },
  {
    "id": "30eb3e69-989b-4695-8f03-60b37ea59bd4",
    "data": [
      {
        "text": "definitely not",
        "userDefined": false
      }
    ],
    "isTemplate": false,
    "count": 1,
    "updated": 1527773181
  },
  {
    "id": "d146cc22-1a39-4fd5-94fd-7d9cb0e1afab",
    "data": [
      {
        "text": "not interested",
        "userDefined": false
      }
    ],
    "isTemplate": false,
    "count": 0,
    "updated": 1527773181
  }
]