[
  {
    "id": "146851b1-c813-47f4-a53a-83d1d6339927",
    "data": [
      {
        "text": "I disagree",
        "userDefined": false
      }
    ],
    "isTemplate": false,
    "count": 2,
    "updated": 1527871375
  },
  {
    "id": "8cf08a3e-d97a-4faf-93af-3d5ee031a0c0",
    "data": [
      {
        "text": "I don\u0027t think so",
        "userDefined": false
      }
    ],
    "isTemplate": false,
    "count": 0,
    "updated": 1527871375
  },
  {
    "id": "789d4d97-dc54-4ce5-9bb7-2e5ac8305efd",
    "data": [
      {
        "text": "not interested",
        "userDefined": false
      }
    ],
    "isTemplate": false,
    "count": 0,
    "updated": 1527871375
  },
  {
    "id": "d2a457c1-478e-4317-a518-55e3b98f09f3",
    "data": [
      {
        "text": "I ",
        "userDefined": false
      },
      {
        "text": "don\u0027t need",
        "alias": "SupplementaryInsurance",
        "meta": "@SupplementaryInsurance",
        "userDefined": true
      },
      {
        "text": " a supplementary insurance",
        "userDefined": false
      }
    ],
    "isTemplate": false,
    "count": 0,
    "updated": 1527871375
  },
  {
    "id": "0f589e86-ab12-4e3b-85e1-7cff7cc312fc",
    "data": [
      {
        "text": "no",
        "alias": "SupplementaryInsurance",
        "meta": "@SupplementaryInsurance",
        "userDefined": true
      }
    ],
    "isTemplate": false,
    "count": 1,
    "updated": 1527871375
  },
  {
    "id": "f1fcb7f0-0848-4904-a1e9-8c1c55c5fce7",
    "data": [
      {
        "text": "definitely not",
        "userDefined": false
      }
    ],
    "isTemplate": false,
    "count": 1,
    "updated": 1527871375
  },
  {
    "id": "a783d45d-df9d-404c-b02f-1e0c5ddd197c",
    "data": [
      {
        "text": "don\u0027t do it",
        "userDefined": false
      }
    ],
    "isTemplate": false,
    "count": 0,
    "updated": 1527871375
  },
  {
    "id": "8d2dcdbe-9ba7-4ead-a90f-9362383a8007",
    "data": [
      {
        "text": "I don\u0027t want that",
        "userDefined": false
      }
    ],
    "isTemplate": false,
    "count": 0,
    "updated": 1527871375
  },
  {
    "id": "88f386a0-5e37-4dc5-b9a5-9ffa48022a36",
    "data": [
      {
        "text": "not really",
        "userDefined": false
      }
    ],
    "isTemplate": false,
    "count": 0,
    "updated": 1527871375
  }
]