[
  {
    "id": "b0e5106b-e37c-4ba7-abb2-a90bb1d9362b",
    "data": [
      {
        "text": "I would like ",
        "userDefined": false
      },
      {
        "text": "private",
        "alias": "InsuranceType",
        "meta": "@InsuranceType",
        "userDefined": false
      },
      {
        "text": " hospitalisation",
        "userDefined": false
      }
    ],
    "isTemplate": false,
    "count": 0,
    "updated": 1527766393
  },
  {
    "id": "23cd2c51-7cba-4ce4-9070-de2fb9d51e86",
    "data": [
      {
        "text": "I would like ",
        "userDefined": false
      },
      {
        "text": "semi-private",
        "alias": "InsuranceType",
        "meta": "@InsuranceType",
        "userDefined": false
      }
    ],
    "isTemplate": false,
    "count": 0,
    "updated": 1527766393
  },
  {
    "id": "c254fc8c-ca1a-4cb5-936a-29f304babb3a",
    "data": [
      {
        "text": "Semi-private",
        "alias": "InsuranceType",
        "meta": "@InsuranceType",
        "userDefined": false
      }
    ],
    "isTemplate": false,
    "count": 0,
    "updated": 1527766393
  },
  {
    "id": "5e21b12f-ef25-45be-a922-846d355c8d34",
    "data": [
      {
        "text": "Private",
        "alias": "InsuranceType",
        "meta": "@InsuranceType",
        "userDefined": false
      }
    ],
    "isTemplate": false,
    "count": 0,
    "updated": 1527766393
  }
]