[
  {
    "id": "adde512c-fd96-48ce-bd5d-8d91c4e6d821",
    "data": [
      {
        "text": "I don\u0027t mind",
        "userDefined": false
      }
    ],
    "isTemplate": false,
    "count": 0,
    "updated": 1527773138
  },
  {
    "id": "7057b026-c63f-4353-8fba-13225c9cabce",
    "data": [
      {
        "text": "sounds good",
        "userDefined": false
      }
    ],
    "isTemplate": false,
    "count": 0,
    "updated": 1527773138
  },
  {
    "id": "60d792ab-d5d1-4d76-a77b-ca0b66258402",
    "data": [
      {
        "text": "I agree",
        "userDefined": false
      }
    ],
    "isTemplate": false,
    "count": 1,
    "updated": 1527773138
  },
  {
    "id": "827c7f2e-5005-47c6-963a-4be31e0773b1",
    "data": [
      {
        "text": "do it",
        "userDefined": false
      }
    ],
    "isTemplate": false,
    "count": 1,
    "updated": 1527773138
  },
  {
    "id": "1e7bb5d4-97a8-4132-a266-6cd7dfaa8734",
    "data": [
      {
        "text": "exactly",
        "userDefined": false
      }
    ],
    "isTemplate": false,
    "count": 0,
    "updated": 1527773138
  },
  {
    "id": "f3e10d1f-3f2b-4895-914d-c4c20e7c4688",
    "data": [
      {
        "text": "that\u0027s correct",
        "userDefined": false
      }
    ],
    "isTemplate": false,
    "count": 0,
    "updated": 1527773138
  },
  {
    "id": "b6ebf04c-24f0-4609-a602-09466ee366c2",
    "data": [
      {
        "text": "of course",
        "userDefined": false
      }
    ],
    "isTemplate": false,
    "count": 0,
    "updated": 1527773138
  },
  {
    "id": "83ceb2a9-13d3-489b-b58f-7d13f5cc02a7",
    "data": [
      {
        "text": "sure",
        "userDefined": false
      }
    ],
    "isTemplate": false,
    "count": 2,
    "updated": 1527773138
  },
  {
    "id": "3d35fcef-8d94-4c34-87c7-dda0d8bfc4f9",
    "data": [
      {
        "text": "yes",
        "userDefined": false
      }
    ],
    "isTemplate": false,
    "count": 0,
    "updated": 1527773138
  },
  {
    "id": "f2b9a789-4335-434f-8b64-bb8015c1c612",
    "data": [
      {
        "text": "yes",
        "meta": "@sys.ignore",
        "userDefined": false
      },
      {
        "text": ", please!",
        "userDefined": false
      }
    ],
    "isTemplate": false,
    "count": 0,
    "updated": 1527773138
  },
  {
    "id": "88da3936-1f45-4dea-bf2a-78c4d9bcde0c",
    "data": [
      {
        "text": "confirm",
        "userDefined": false
      }
    ],
    "isTemplate": false,
    "count": 1,
    "updated": 1527773138
  },
  {
    "id": "89c9fead-7db0-4f4e-af7f-fbfb83930595",
    "data": [
      {
        "text": "ok",
        "userDefined": false
      }
    ],
    "isTemplate": false,
    "count": 0,
    "updated": 1527773138
  },
  {
    "id": "45d9b57f-1af5-4c98-8144-e5d2411c73c3",
    "data": [
      {
        "text": "definitely",
        "userDefined": false
      }
    ],
    "isTemplate": false,
    "count": 0,
    "updated": 1527775075
  },
  {
    "id": "29317bd7-8cc1-4ea8-8654-cf04518aeed0",
    "data": [
      {
        "text": "Yes",
        "meta": "@sys.ignore",
        "userDefined": false
      },
      {
        "text": ", I\u0027d like a supplementary insurance",
        "userDefined": false
      }
    ],
    "isTemplate": false,
    "count": 0,
    "updated": 1527779069
  },
  {
    "id": "7fefb8ad-2ca9-4566-b432-62c1e0dfc7ca",
    "data": [
      {
        "text": "okay",
        "userDefined": false
      }
    ],
    "isTemplate": false,
    "count": 0,
    "updated": 1527773138
  }
]