[
  {
    "value": "smoker",
    "synonyms": [
      "smoke",
      "smoker",
      "smoking"
    ]
  },
  {
    "value": "none",
    "synonyms": [
      "none",
      "no addictions",
      "no problems",
      "nothing",
      "don\u0027t have addictions",
      "don\u0027t have any addictions",
      "no"
    ]
  },
  {
    "value": "drug_abuse",
    "synonyms": [
      "drug abuse",
      "drugs",
      "drug",
      "cocaine",
      "heroin"
    ]
  },
  {
    "value": "alcohol",
    "synonyms": [
      "alcohol",
      "alcoholic"
    ]
  }
]