[
  {
    "value": "harun.uslu88@gmail.com",
    "synonyms": [
      "harun.uslu88@gmail.com",
      "haroon.uslu88@gmail.com",
      "aaron.uslu88@gmail.com",
      "uslu88@gmail.com",
      "h a r u n. uslu at gmail. com",
      "h a r u n. uslu88 at gmail. com",
      "harun.uslu88@gmail.com"
    ]
  },
  {
    "value": "harun.uslu@students.fhnw.ch",
    "synonyms": [
      "harun.uslu@students.fhnw.ch",
      "haroon.uslu@students.fhnw.ch",
      "aaron.uslu@students.fhnw.ch",
      "n.uslu@students.fhnw.ch",
      "n.uslu@studentsfhnw.ch",
      "harun.uslu@studentsfhnw.ch",
      "h a r u n. uslu @ students. fhnw. ch",
      "h a r u n. uslu @ students. fhnw ch",
      "h a r u n. uslu at students. fhnw. ch",
      "h a r u n. uslu at students. fhnw ch",
      "h a r u n. uslu at student. fhnw. ch"
    ]
  },
  {
    "value": "timgrim@gmail.com",
    "synonyms": [
      "timgrim@gmail.com",
      "timgrimm@gmail.com",
      "t i m g r i m at gmail. com"
    ]
  }
]